iqi;timestamp [d];iqi [-];;eqi;timestamp [d];eqi [-];;oci;timestamp [d];oci [-];;oci_final;timestamp [d];oci_final [-];
;604.0;50519.65572021752;;;604.0;3749.2116275263616;;;604.0;6499.1893877185885;;;609.0;7933.703428288169;
;604.01042;47796.39528121554;;;604.01042;3455.0088664699692;;;604.01042;6186.583348448169;;;;;;;
;604.02083;45624.93118298467;;;604.02083;3277.7029600793667;;;604.02083;6022.148295161998;;;;;;;
;604.03125;43530.76981129627;;;604.03125;3157.628938923161;;;604.03125;5932.775803726232;;;;;;;
;604.04167;41514.90058378626;;;604.04167;3064.2800044712703;;;604.04167;5880.997592265116;;;;;;;
;604.05208;39612.328619272645;;;604.05208;2982.0311221874244;;;604.05208;5847.515056006726;;;;;;;
;604.0625;37794.42695240538;;;604.0625;2899.1501301625026;;;604.0625;5816.899518623544;;;;;;;
;604.07292;36176.70974282097;;;604.07292;2825.174180732411;;;604.07292;5802.179373577029;;;;;;;
;604.08333;34773.81038800814;;;604.08333;2764.1082114909354;;;604.08333;5785.987447000896;;;;;;;
;604.09375;33531.014684610185;;;604.09375;2713.2304503964956;;;604.09375;5790.185202662295;;;;;;;
;604.10417;32391.952614996964;;;604.10417;2668.132440606884;;;604.10417;5814.887157366849;;;;;;;
;604.11458;31357.354308548624;;;604.11458;2629.879298120241;;;604.11458;5858.681926798876;;;;;;;
;604.125;30411.84776264524;;;604.125;2598.33573997406;;;604.125;5918.329355179383;;;;;;;
;604.13542;29388.21224370356;;;604.13542;2549.303446059908;;;604.13542;5955.315407422184;;;;;;;
;604.14583;28187.915509579165;;;604.14583;2452.7740846091447;;;604.14583;5921.241979352973;;;;;;;
;604.15625;27064.447415439598;;;604.15625;2340.604213508683;;;604.15625;5860.752946378414;;;;;;;
;604.16667;26062.012063692215;;;604.16667;2230.145830399791;;;604.16667;5799.631629295497;;;;;;;
;604.17708;25161.66306830462;;;604.17708;2126.8401069673196;;;604.17708;5746.556384420676;;;;;;;
;604.1875;24365.797906372165;;;604.1875;2033.3204141875976;;;604.1875;5705.930968871888;;;;;;;
;604.19792;23631.706149584745;;;604.19792;1946.5556318441188;;;604.19792;5673.21363170137;;;;;;;
;604.20833;22940.72330794174;;;604.20833;1864.8014748911246;;;604.20833;5646.006812281743;;;;;;;
;604.21875;22294.581877177636;;;604.21875;1791.0619656943857;;;604.21875;5629.438726785518;;;;;;;
;604.22917;21667.610648061946;;;604.22917;1730.0920567373985;;;604.22917;5631.9257439148705;;;;;;;
;604.23958;21036.509385505233;;;604.23958;1677.3044496299992;;;604.23958;5646.641561214534;;;;;;;
;604.25;20420.34236500499;;;604.25;1629.6397404836634;;;604.25;5668.573620928438;;;;;;;
;604.26042;20454.70666084625;;;604.26042;1630.8410665463696;;;604.26042;5773.527576381942;;;;;;;
;604.27083;22234.128900726504;;;604.27083;1755.1193569449608;;;604.27083;6092.3527268572725;;;;;;;
;604.28125;25042.308828136265;;;604.28125;1946.3462129356349;;;604.28125;6530.383640632517;;;;;;;
;604.29167;28214.540176453367;;;604.29167;2159.3009494946587;;;604.29167;7013.252728787852;;;;;;;
;604.30208;32527.515227174925;;;604.30208;2401.736633141022;;;604.30208;7545.59761647183;;;;;;;
;604.3125;40147.989222543285;;;604.3125;2704.4505185693333;;;604.3125;8159.017301510791;;;;;;;
;604.32292;50227.83210435078;;;604.32292;3047.369570533978;;;604.32292;8811.53751719099;;;;;;;
;604.33333;61484.797711990876;;;604.33333;3418.69086425547;;;604.33333;9482.33600944998;;;;;;;
;604.34375;74570.0794281316;;;604.34375;3828.7614614692793;;;604.34375;10162.89929346343;;;;;;;
;604.35417;91716.89501310558;;;604.35417;4290.235335776244;;;604.35417;10852.862437481574;;;;;;;
;604.36458;111155.42946465932;;;604.36458;4778.466113891235;;;604.36458;11523.736162746933;;;;;;;
;604.375;131030.27916990439;;;604.375;5277.295732266886;;;604.375;12146.795377475659;;;;;;;
;604.38542;147906.4572551149;;;604.38542;5717.40270709852;;;604.38542;12638.824428339864;;;;;;;
;604.39583;158122.698665698;;;604.39583;6024.142236006358;;;604.39583;12935.460797515476;;;;;;;
;604.40625;164757.2949981389;;;604.40625;6249.705278967649;;;604.40625;13118.243947823878;;;;;;;
;604.41667;169613.11258964523;;;604.41667;6426.923063155586;;;604.41667;13215.531742325073;;;;;;;
;604.42708;170263.31663709105;;;604.42708;6445.748534879844;;;604.42708;13079.670397911528;;;;;;;
;604.4375;164936.11008572427;;;604.4375;6220.656599200088;;;604.4375;12618.90923023692;;;;;;;
;604.44792;158094.88307477042;;;604.44792;5933.465332783566;;;604.44792;12075.735025549677;;;;;;;
;604.45833;151009.0325669355;;;604.45833;5650.933249193551;;;604.45833;11523.380022273803;;;;;;;
;604.46875;144406.62456976855;;;604.46875;5426.63544724846;;;604.46875;11022.998042237883;;;;;;;
;604.47917;138481.50683908805;;;604.47917;5299.301581727998;;;604.47917;10619.728907266683;;;;;;;
;604.48958;132522.27597952928;;;604.48958;5220.974804472827;;;604.48958;10252.961397464547;;;;;;;
;604.5;126666.90769135709;;;604.5;5174.713653218146;;;604.5;9909.333939164564;;;;;;;
;604.51042;120594.18222707564;;;604.51042;5130.633849566284;;;604.51042;9562.555604873933;;;;;;;
;604.52083;113917.19930806944;;;604.52083;5053.130178476764;;;604.52083;9182.677349937927;;;;;;;
;604.53125;107511.99744067052;;;604.53125;4974.881664087469;;;604.53125;8817.336293789103;;;;;;;
;604.54167;101658.39047381717;;;604.54167;4909.829479135744;;;604.54167;8485.467591052831;;;;;;;
;604.55208;97273.74725896328;;;604.55208;4936.808196068741;;;604.55208;8269.154060359504;;;;;;;
;604.5625;94768.05782416443;;;604.5625;5149.5883441484675;;;604.5625;8254.152980741444;;;;;;;
;604.57292;92481.69522764413;;;604.57292;5447.407281735343;;;604.57292;8319.870149557188;;;;;;;
;604.58333;90129.460937787;;;604.58333;5779.310207139831;;;604.58333;8412.066324335985;;;;;;;
;604.59375;87426.36370419562;;;604.59375;6088.037407334477;;;604.59375;8480.37320644959;;;;;;;
;604.60417;84154.47612514881;;;604.60417;6312.6708928050075;;;604.60417;8480.876464734358;;;;;;;
;604.61458;81015.80224881892;;;604.61458;6499.288675382392;;;604.61458;8468.546071887562;;;;;;;
;604.625;78142.08656351166;;;604.625;6664.848974461709;;;604.625;8462.459499033566;;;;;;;
;604.63542;76030.38703532725;;;604.63542;6848.517319109883;;;604.63542;8499.297490650777;;;;;;;
;604.64583;75273.72570196976;;;604.64583;7089.98315109834;;;604.64583;8612.087165383802;;;;;;;
;604.65625;75051.94717879879;;;604.65625;7325.272893497295;;;604.65625;8743.644966766537;;;;;;;
;604.66667;74956.50198465219;;;604.66667;7522.352391300011;;;604.66667;8870.176496040049;;;;;;;
;604.67708;76163.37446213582;;;604.67708;7745.109937270789;;;604.67708;9050.678980008295;;;;;;;
;604.6875;80390.622399404;;;604.6875;8061.775183853277;;;604.6875;9344.512128119872;;;;;;;
;604.69792;85947.98585268891;;;604.69792;8365.67509755519;;;604.69792;9657.072258109543;;;;;;;
;604.70833;91807.6948220117;;;604.70833;8615.118320432504;;;604.70833;9956.025417756364;;;;;;;
;604.71875;97100.60194817705;;;604.71875;8792.518806664517;;;604.71875;10227.985104934969;;;;;;;
;604.72917;100888.43506450768;;;604.72917;8891.813871517552;;;604.72917;10463.627510800998;;;;;;;
;604.73958;103908.69349413805;;;604.73958;8935.992294755675;;;604.73958;10676.84715378795;;;;;;;
;604.75;106670.08889650773;;;604.75;8939.332179154046;;;604.75;10870.70306812782;;;;;;;
;604.76042;109016.89150893305;;;604.76042;8863.961343662475;;;604.76042;10995.477227897896;;;;;;;
;604.77083;110968.17083091734;;;604.77083;8686.211180307988;;;604.77083;11013.903796546463;;;;;;;
;604.78125;112872.48750093371;;;604.78125;8487.382147811599;;;604.78125;10991.756502054714;;;;;;;
;604.79167;114591.9927100938;;;604.79167;8298.864014720742;;;604.79167;10947.310674474125;;;;;;;
;604.80208;115354.98090945189;;;604.80208;8114.113793736594;;;604.80208;10865.66006724375;;;;;;;
;604.8125;114316.38800618141;;;604.8125;7927.294740069583;;;604.8125;10737.83258078148;;;;;;;
;604.82292;112435.57845640104;;;604.82292;7765.538504463199;;;604.82292;10594.06256449119;;;;;;;
;604.83333;110321.19510478363;;;604.83333;7640.932595997996;;;604.83333;10450.651216201893;;;;;;;
;604.84375;107858.62124156141;;;604.84375;7518.41396740515;;;604.84375;10276.015877507945;;;;;;;
;604.85417;104975.67162994036;;;604.85417;7347.377760493295;;;604.85417;10027.068336396313;;;;;;;
;604.86458;102293.65802021904;;;604.86458;7185.681561978014;;;604.86458;9775.813410444007;;;;;;;
;604.875;99847.30287104826;;;604.875;7050.331921107268;;;604.875;9544.838484076554;;;;;;;
;604.88542;97014.29386571785;;;604.88542;6893.843991694192;;;604.88542;9288.969609021095;;;;;;;
;604.89583;93237.39830603532;;;604.89583;6655.928333328585;;;604.89583;8953.538148874213;;;;;;;
;604.90625;89433.90545684102;;;604.90625;6396.7703850079315;;;604.90625;8608.26128129223;;;;;;;
;604.91667;85952.09464020806;;;604.91667;6149.22532764168;;;604.91667;8287.87539574558;;;;;;;
;604.92708;83069.43889505733;;;604.92708;5965.750730500237;;;604.92708;8044.757662946642;;;;;;;
;604.9375;80699.42212512603;;;604.9375;5891.158523768906;;;604.9375;7921.8234422002915;;;;;;;
;604.94792;78311.8259248876;;;604.94792;5857.732692506355;;;604.94792;7846.429974684594;;;;;;;
;604.95833;75973.53415322362;;;604.95833;5837.801930608202;;;604.95833;7791.411017548089;;;;;;;
;604.96875;72897.4943728991;;;604.96875;5721.891101023465;;;604.96875;7647.9061678834005;;;;;;;
;604.97917;68594.11040317226;;;604.97917;5409.906884657604;;;604.97917;7318.944208297002;;;;;;;
;604.98958;64523.77394719816;;;604.98958;5052.130257002037;;;604.98958;6960.781740414681;;;;;;;
;605.0;60963.24241883259;;;605.0;4709.257729389507;;;605.0;6630.902444890908;;;;;;;
;605.01042;57794.970906620234;;;605.01042;4404.655905783705;;;605.01042;6349.044806112165;;;;;;;
;605.02083;54775.29671865064;;;605.02083;4152.675901432791;;;605.02083;6127.996192356306;;;;;;;
;605.03125;51799.744372336296;;;605.03125;3931.6100956048967;;;605.03125;5943.7280523739;;;;;;;
;605.04167;48951.399396890694;;;605.04167;3730.3841595860745;;;605.04167;5783.930820487122;;;;;;;
;605.05208;46244.30145460966;;;605.05208;3537.3456317749915;;;605.05208;5636.000879676803;;;;;;;
;605.0625;43672.42125025691;;;605.0625;3341.370004873042;;;605.0625;5487.150989636924;;;;;;;
;605.07292;41338.20886583548;;;605.07292;3153.959846219612;;;605.07292;5330.628195566045;;;;;;;
;605.08333;39245.99856950783;;;605.08333;2980.868012267465;;;605.08333;5181.519394993551;;;;;;;
;605.09375;37553.33096268076;;;605.09375;2846.40175942306;;;605.09375;5088.890181362796;;;;;;;
;605.10417;36384.58433794893;;;605.10417;2781.698316893416;;;605.10417;5088.888509590679;;;;;;;
;605.11458;35367.79143935195;;;605.11458;2751.367638357968;;;605.11458;5140.301236449465;;;;;;;
;605.125;34380.58805449255;;;605.125;2732.979865372397;;;605.125;5215.47639000753;;;;;;;
;605.13542;33211.62271329089;;;605.13542;2691.988643008153;;;605.13542;5271.66355805455;;;;;;;
;605.14583;31675.252449007185;;;605.14583;2590.3869116227183;;;605.14583;5256.574855559949;;;;;;;
;605.15625;30317.383356611193;;;605.15625;2485.50977326617;;;605.15625;5235.9345415522075;;;;;;;
;605.16667;29421.93607430055;;;605.16667;2423.6548964440776;;;605.16667;5270.3358562442045;;;;;;;
;605.17708;28905.988637649938;;;605.17708;2416.0811114403173;;;605.17708;5377.4615175912895;;;;;;;
;605.1875;28386.632728951394;;;605.1875;2436.6495432037905;;;605.1875;5526.204231520771;;;;;;;
;605.19792;27672.602345898067;;;605.19792;2452.09151618897;;;605.19792;5673.258281792054;;;;;;;
;605.20833;26813.51406284553;;;605.20833;2450.0190847206836;;;605.20833;5800.768518516519;;;;;;;
;605.21875;25926.655988127695;;;605.21875;2430.3297374899134;;;605.21875;5905.386355549052;;;;;;;
;605.22917;25182.503192147098;;;605.22917;2406.485877227033;;;605.22917;6001.545076272041;;;;;;;
;605.23958;24602.805722224188;;;605.23958;2390.7983740706745;;;605.23958;6108.331349788284;;;;;;;
;605.25;24126.511693075365;;;605.25;2386.702490448661;;;605.25;6230.804328623008;;;;;;;
;605.26042;24493.62309066889;;;605.26042;2460.59567632485;;;605.26042;6465.466059244536;;;;;;;
;605.27083;26948.472418138528;;;605.27083;2701.304864222233;;;605.27083;6946.452599228284;;;;;;;
;605.28125;30430.688954937836;;;605.28125;3002.111628437229;;;605.28125;7524.192084487307;;;;;;;
;605.29167;34110.23394052871;;;605.29167;3297.100923194996;;;605.29167;8099.7433896212015;;;;;;;
;605.30208;38577.231850986616;;;605.30208;3576.362118786887;;;605.30208;8643.410247929318;;;;;;;
;605.3125;45632.1145231233;;;605.3125;3850.424555058511;;;605.3125;9156.994000296654;;;;;;;
;605.32292;54482.36184840911;;;605.32292;4120.9095766669325;;;605.32292;9634.372005366546;;;;;;;
;605.33333;64014.51824711025;;;605.33333;4384.532886864856;;;605.33333;10071.959385748005;;;;;;;
;605.34375;75803.80561669041;;;605.34375;4740.339347931643;;;605.34375;10615.41654663689;;;;;;;
;605.35417;92582.24767624028;;;605.35417;5309.884962432139;;;605.35417;11409.9687092809;;;;;;;
;605.36458;111300.48993006018;;;605.36458;5970.214414851273;;;605.36458;12247.689932007834;;;;;;;
;605.375;130120.28141201992;;;605.375;6657.814107106871;;;605.375;13040.891695321812;;;;;;;
;605.38542;144950.43880635165;;;605.38542;7200.250188563108;;;605.38542;13594.740615917797;;;;;;;
;605.39583;152198.89152031552;;;605.39583;7446.635112822845;;;605.39583;13778.462296112793;;;;;;;
;605.40625;156551.15696906552;;;605.40625;7567.380030827102;;;605.40625;13830.701552275608;;;;;;;
;605.41667;159722.8513128735;;;605.41667;7634.59265169995;;;605.41667;13815.446205561937;;;;;;;
;605.42708;160789.97359261004;;;605.42708;7634.57538286017;;;605.42708;13699.684111345217;;;;;;;
;605.4375;158598.37465854685;;;605.4375;7552.669239548252;;;605.4375;13463.230735665376;;;;;;;
;605.44792;154882.11215410224;;;605.44792;7446.0543739664845;;;605.44792;13173.1895427486;;;;;;;
;605.45833;150468.38152110082;;;605.45833;7337.875541126058;;;605.45833;12853.979421343376;;;;;;;
;605.46875;145493.02983848756;;;605.46875;7246.040036138181;;;605.46875;12527.430655111564;;;;;;;
;605.47917;139759.04235765658;;;605.47917;7183.450373140196;;;605.47917;12212.083501364259;;;;;;;
;605.48958;133654.8053265763;;;605.48958;7142.984393381627;;;605.48958;11905.153263208656;;;;;;;
;605.5;127594.04577896769;;;605.5;7122.68257462793;;;605.5;11612.186139781825;;;;;;;
;605.51042;121677.16546975252;;;605.51042;7093.699829373307;;;605.51042;11310.471798401537;;;;;;;
;605.52083;116203.1948478943;;;605.52083;7029.913603444531;;;605.52083;10981.995264104611;;;;;;;
;605.53125;111416.18089967435;;;605.53125;6965.345696008593;;;605.53125;10671.010165086676;;;;;;;
;605.54167;107164.32052505636;;;605.54167;6909.491566066548;;;605.54167;10389.979846152924;;;;;;;
;605.55208;102603.45838068127;;;605.55208;6790.791668924229;;;605.55208;10067.22566207006;;;;;;;
;605.5625;97344.12391618789;;;605.5625;6545.111061378734;;;605.5625;9644.28193712291;;;;;;;
;605.57292;92502.92762023445;;;605.57292;6268.52739046809;;;605.57292;9222.41472480136;;;;;;;
;605.58333;88238.69634126082;;;605.58333;5996.109111327618;;;605.58333;8832.162644650114;;;;;;;
;605.59375;84750.85149723437;;;605.59375;5783.4421119804165;;;605.59375;8525.282411266748;;;;;;;
;605.60417;81887.28837050911;;;605.60417;5679.6295651825685;;;605.60417;8348.127674035997;;;;;;;
;605.61458;79045.73708456266;;;605.61458;5612.181488991109;;;605.61458;8222.733270630812;;;;;;;
;605.625;76305.99352604404;;;605.625;5551.51808094504;;;605.625;8119.049674099489;;;;;;;
;605.63542;73347.98916064309;;;605.63542;5410.072878224295;;;605.63542;7946.445634184489;;;;;;;
;605.64583;70278.56424971434;;;605.64583;5109.539788886988;;;605.64583;7622.080500491944;;;;;;;
;605.65625;67961.21707236352;;;605.65625;4774.1910744224515;;;605.65625;7274.824522387831;;;;;;;
;605.66667;66278.567815955;;;605.66667;4455.0713299163845;;;605.66667;6954.454936506043;;;;;;;
;605.67708;66657.78300469863;;;605.67708;4288.4234089670235;;;605.67708;6809.435336958233;;;;;;;
;605.6875;70775.14762471826;;;605.6875;4421.7802894272645;;;605.6875;7010.523950541199;;;;;;;
;605.69792;75955.23352177028;;;605.69792;4663.8879091842455;;;605.69792;7345.549664082133;;;;;;;
;605.70833;81128.46183862831;;;605.70833;4919.938846343237;;;605.70833;7707.273111480709;;;;;;;
;605.71875;86334.59297607924;;;605.71875;5170.1553356431195;;;605.71875;8072.700718937531;;;;;;;
;605.72917;91805.54390461878;;;605.72917;5407.060085014344;;;605.72917;8437.11060477079;;;;;;;
;605.73958;97476.30443783494;;;605.73958;5630.517414780506;;;605.73958;8802.178794095751;;;;;;;
;605.75;103196.26452146786;;;605.75;5841.640736878029;;;605.75;9165.615933581294;;;;;;;
;605.76042;108434.68529031718;;;605.76042;6018.504753833483;;;605.76042;9496.489524120507;;;;;;;
;605.77083;112692.16550280048;;;605.77083;6139.392408621085;;;605.77083;9764.187301616417;;;;;;;
;605.78125;116435.13817969314;;;605.78125;6235.243237154381;;;605.78125;9998.719258405152;;;;;;;
;605.79167;119722.36707332535;;;605.79167;6317.279153364897;;;605.79167;10202.309113450774;;;;;;;
;605.80208;121756.49448609582;;;605.80208;6359.151745911171;;;605.80208;10333.777776381796;;;;;;;
;605.8125;121771.01281490827;;;605.8125;6338.069026895174;;;605.8125;10362.298484222443;;;;;;;
;605.82292;120755.99598131391;;;605.82292;6295.461794897048;;;605.82292;10337.400143294884;;;;;;;
;605.83333;119200.3178508873;;;605.83333;6249.639109670951;;;605.83333;10278.727388722837;;;;;;;
;605.84375;115902.86701682836;;;605.84375;6089.969926848757;;;605.84375;10051.598591096617;;;;;;;
;605.85417;110535.1534339041;;;605.85417;5728.9378666037555;;;605.85417;9562.056100987022;;;;;;;
;605.86458;105340.50355925114;;;605.86458;5333.295491459805;;;605.86458;9028.430018221969;;;;;;;
;605.875;100600.89797237267;;;605.875;4959.818729982805;;;605.875;8518.132914177491;;;;;;;
;605.88542;97024.08377304822;;;605.88542;4698.871274679075;;;605.88542;8142.544021135205;;;;;;;
;605.89583;94663.42225448097;;;605.89583;4629.837515845796;;;605.89583;7997.872588633623;;;;;;;
;605.90625;92065.74723318865;;;605.90625;4637.5295681979605;;;605.90625;7931.760289388814;;;;;;;
;605.91667;89299.82170214722;;;605.91667;4674.536371941613;;;605.91667;7887.270848730727;;;;;;;
;605.92708;86177.53820284261;;;605.92708;4694.171221416431;;;605.92708;7812.828445795678;;;;;;;
;605.9375;82479.26968708397;;;605.9375;4652.777101080874;;;605.9375;7665.251390257987;;;;;;;
;605.94792;79028.18895089344;;;605.94792;4599.6289033614985;;;605.94792;7513.566716593983;;;;;;;
;605.95833;76002.11119795969;;;605.95833;4555.246724849789;;;605.95833;7384.138934847628;;;;;;;
;605.96875;72745.10598551479;;;605.96875;4466.066362027659;;;605.96875;7214.038468418505;;;;;;;
;605.97917;68837.0466846615;;;605.97917;4271.962206538039;;;605.97917;6936.271716515413;;;;;;;
;605.98958;65218.99304576001;;;605.98958;4050.5755958428335;;;605.98958;6645.104928816962;;;;;;;
;606.0;62054.27014578538;;;606.0;3835.7925092670753;;;606.0;6377.33518598971;;;;;;;
;606.01042;59063.31714685428;;;606.01042;3628.0738278044983;;;606.01042;6129.95819999067;;;;;;;
;606.02083;55898.05067808725;;;606.02083;3421.6145507812175;;;606.02083;5893.497951143336;;;;;;;
;606.03125;52721.43489935904;;;606.03125;3222.421628591054;;;606.03125;5673.575212324822;;;;;;;
;606.04167;49682.99338065853;;;606.04167;3033.7170948482512;;;606.04167;5472.556097851629;;;;;;;
;606.05208;46942.79598514823;;;606.05208;2869.8565037024464;;;606.05208;5284.918683242044;;;;;;;
;606.0625;44544.40757183357;;;606.0625;2748.684234188637;;;606.0625;5146.260112828858;;;;;;;
;606.07292;42266.882820476385;;;606.07292;2650.366190136151;;;606.07292;5050.4320307408425;;;;;;;
;606.08333;40076.41765964905;;;606.08333;2562.784780595584;;;606.08333;4979.9353465691765;;;;;;;
;606.09375;38086.10067639817;;;606.09375;2491.1578302314097;;;606.09375;4939.278768597273;;;;;;;
;606.10417;36370.25051080676;;;606.10417;2447.0282087216046;;;606.10417;4941.759380632437;;;;;;;
;606.11458;34798.57917998758;;;606.11458;2418.6393327104306;;;606.11458;4972.090365247255;;;;;;;
;606.125;33329.136581387196;;;606.125;2397.9116197507356;;;606.125;5019.40845615459;;;;;;;
;606.13542;31831.004333653113;;;606.13542;2362.649073556186;;;606.13542;5054.555857607405;;;;;;;
;606.14583;30220.120320456685;;;606.14583;2284.2236298967555;;;606.14583;5037.720407280292;;;;;;;
;606.15625;28776.744750451955;;;606.15625;2190.4490194512828;;;606.15625;5002.134328982251;;;;;;;
;606.16667;27570.39009905093;;;606.16667;2099.571512775633;;;606.16667;4970.796747299537;;;;;;;
;606.17708;26583.790021944544;;;606.17708;2018.5768396940848;;;606.17708;4953.196053184662;;;;;;;
;606.1875;25810.9541324038;;;606.1875;1950.9674277349357;;;606.1875;4954.417173019092;;;;;;;
;606.19792;25171.841284605463;;;606.19792;1892.2019741168615;;;606.19792;4968.665289191819;;;;;;;
;606.20833;24613.07697543149;;;606.20833;1838.6937141199755;;;606.20833;4991.274790029658;;;;;;;
;606.21875;24340.59677730693;;;606.21875;1817.5990028139995;;;606.21875;5060.53198423401;;;;;;;
;606.22917;24573.40276733796;;;606.22917;1875.79219874445;;;606.22917;5244.310314392116;;;;;;;
;606.23958;24844.053393672446;;;606.23958;1974.7945911920651;;;606.23958;5494.044583270962;;;;;;;
;606.25;24947.174800518904;;;606.25;2082.2692413665836;;;606.25;5765.148708321637;;;;;;;
;606.26042;25207.95991106;;;606.26042;2201.7415640559766;;;606.26042;6061.297386116524;;;;;;;
;606.27083;26269.434547913897;;;606.27083;2354.0157746765426;;;606.27083;6413.101495085143;;;;;;;
;606.28125;27890.376236971893;;;606.28125;2520.503784186322;;;606.28125;6788.092141798172;;;;;;;
;606.29167;29754.00583044782;;;606.29167;2688.411873118488;;;606.29167;7167.533794166675;;;;;;;
;606.30208;33097.367125643956;;;606.30208;2892.4669062117623;;;606.30208;7605.028138876134;;;;;;;
;606.3125;40790.454721245216;;;606.3125;3185.9184195582698;;;606.3125;8174.085452846106;;;;;;;
;606.32292;51542.93748741462;;;606.32292;3519.514896234898;;;606.32292;8795.00237018782;;;;;;;
;606.33333;63602.77768616662;;;606.33333;3865.049719598915;;;606.33333;9422.056692899383;;;;;;;
;606.34375;77415.81743757836;;;606.34375;4264.8401639148615;;;606.34375;10085.61044040581;;;;;;;
;606.35417;94680.69742682143;;;606.35417;4776.291922422884;;;606.35417;10859.717221956778;;;;;;;
;606.36458;113406.7955963794;;;606.36458;5339.404362004081;;;606.36458;11638.395705747802;;;;;;;
;606.375;132210.65617849317;;;606.375;5923.2579383776465;;;606.375;12369.11916002682;;;;;;;
;606.38542;147370.1648463408;;;606.38542;6412.73596102403;;;606.38542;12923.232416770257;;;;;;;
;606.39583;154968.8120166858;;;606.39583;6703.018038960411;;;606.39583;13201.755381215002;;;;;;;
;606.40625;159157.47157829994;;;606.40625;6900.457719808516;;;606.40625;13357.150082575823;;;;;;;
;606.41667;161878.04124471388;;;606.41667;7051.729428890959;;;606.41667;13433.773647581556;;;;;;;
;606.42708;161685.51194687714;;;606.42708;7079.970610295657;;;606.42708;13327.03905065609;;;;;;;
;606.4375;157483.31381038725;;;606.4375;6924.388436074151;;;606.4375;12972.799393269854;;;;;;;
;606.44792;152038.7251067137;;;606.44792;6717.3755901749255;;;606.44792;12541.306712691605;;;;;;;
;606.45833;146141.35265528617;;;606.45833;6507.889153968827;;;606.45833;12085.666278857916;;;;;;;
;606.46875;139652.99145481328;;;606.46875;6296.331296260592;;;606.46875;11605.497041432704;;;;;;;
;606.47917;132459.41705583135;;;606.47917;6077.917600454971;;;606.47917;11101.97013583064;;;;;;;
;606.48958;125232.22806850121;;;606.48958;5874.109275502109;;;606.48958;10609.151039623084;;;;;;;
;606.5;118295.4511169348;;;606.5;5691.917166057834;;;606.5;10142.419049607735;;;;;;;
;606.51042;112451.548952248;;;606.51042;5573.893090610736;;;606.51042;9755.498655071005;;;;;;;
;606.52083;108231.05124329613;;;606.52083;5560.958118507559;;;606.52083;9493.304942663943;;;;;;;
;606.53125;104621.53372873235;;;606.53125;5595.0412379477;;;606.53125;9286.925575275847;;;;;;;
;606.54167;101368.9680234711;;;606.54167;5651.436580211833;;;606.54167;9112.517746102705;;;;;;;
;606.55208;97510.56741241137;;;606.55208;5628.693990384211;;;606.55208;8866.372567258488;;;;;;;
;606.5625;92660.1400726389;;;606.5625;5427.845943152205;;;606.5625;8456.75505560777;;;;;;;
;606.57292;88411.46015972113;;;606.57292;5177.745030144448;;;606.57292;8031.4248327795785;;;;;;;
;606.58333;84918.06576274941;;;606.58333;4931.036718686856;;;606.58333;7641.283324448954;;;;;;;
;606.59375;82732.40669295019;;;606.59375;4774.779613301051;;;606.59375;7372.485876865625;;;;;;;
;606.60417;82058.00287386955;;;606.60417;4797.335863313175;;;606.60417;7312.132181023533;;;;;;;
;606.61458;81421.67799882086;;;606.61458;4883.883669236083;;;606.61458;7332.490424277814;;;;;;;
;606.625;80615.98290973085;;;606.625;4977.741808841084;;;606.625;7373.832669961132;;;;;;;
;606.63542;79970.00286158436;;;606.63542;5050.683462365054;;;606.63542;7408.821042317779;;;;;;;
;606.64583;80050.65615502337;;;606.64583;5081.470828897438;;;606.64583;7418.383964230892;;;;;;;
;606.65625;80822.15870737741;;;606.65625;5089.112011372129;;;606.65625;7424.882863360874;;;;;;;
;606.66667;81969.29008022165;;;606.66667;5082.322976692499;;;606.66667;7437.337964443929;;;;;;;
;606.67708;83277.97092110245;;;606.67708;5020.501971440304;;;606.67708;7410.606130501552;;;;;;;
;606.6875;85200.47985936949;;;606.6875;4863.098031463973;;;606.6875;7295.684273830123;;;;;;;
;606.69792;87942.25208378115;;;606.69792;4674.916115771026;;;606.69792;7159.0558400828395;;;;;;;
;606.70833;91081.2019525522;;;606.70833;4483.80136913353;;;606.70833;7027.094518035809;;;;;;;
;606.71875;95691.63687385619;;;606.71875;4404.528361544036;;;606.71875;7033.192288400745;;;;;;;
;606.72917;102441.46101181192;;;606.72917;4556.372806098261;;;606.72917;7328.100649131045;;;;;;;
;606.73958;108700.27992459772;;;606.73958;4776.637060761544;;;606.73958;7716.465773087622;;;;;;;
;606.75;114101.56276884998;;;606.75;4994.781703529391;;;606.75;8106.753292151134;;;;;;;
;606.76042;118775.40476780401;;;606.76042;5195.737901829167;;;606.76042;8477.4749344288;;;;;;;
;606.77083;122689.43604221684;;;606.77083;5388.425903410856;;;606.77083;8835.440976118343;;;;;;;
;606.78125;126469.8713757749;;;606.78125;5612.195260111227;;;606.78125;9223.107168199349;;;;;;;
;606.79167;130302.3776778802;;;606.79167;5887.393506295833;;;606.79167;9656.235776328955;;;;;;;
;606.80208;132983.48903509937;;;606.80208;6145.704200217841;;;606.80208;10035.469126124115;;;;;;;
;606.8125;133268.5095810653;;;606.8125;6267.941515638873;;;606.8125;10207.620992747663;;;;;;;
;606.82292;132432.11894634276;;;606.82292;6297.483837822602;;;606.82292;10241.916310858638;;;;;;;
;606.83333;130891.37047369336;;;606.83333;6268.303528881072;;;606.83333;10179.738836584711;;;;;;;
;606.84375;127985.39040048562;;;606.84375;6156.716865038119;;;606.84375;9987.008335803097;;;;;;;
;606.85417;123309.68641183476;;;606.85417;5929.171558362899;;;606.85417;9625.277227001678;;;;;;;
;606.86458;118291.92475061119;;;606.86458;5675.18223379677;;;606.86458;9216.698653812811;;;;;;;
;606.875;113277.61071506896;;;606.875;5426.719164623388;;;606.875;8802.111148509115;;;;;;;
;606.88542;108228.1422046209;;;606.88542;5189.519524256097;;;606.88542;8390.17732728827;;;;;;;
;606.89583;103079.50833494915;;;606.89583;4965.474493286486;;;606.89583;7987.097225969234;;;;;;;
;606.90625;98129.69953430639;;;606.90625;4760.057438875153;;;606.90625;7604.839153274697;;;;;;;
;606.91667;93580.35289744883;;;606.91667;4575.57074206888;;;606.91667;7250.720486623697;;;;;;;
;606.92708;89325.32908046992;;;606.92708;4416.906574234428;;;606.92708;6934.171849242079;;;;;;;
;606.9375;84978.67832415795;;;606.9375;4288.163247490818;;;606.9375;6662.58336475512;;;;;;;
;606.94792;80740.86944176369;;;606.94792;4182.590181354438;;;606.94792;6428.690730234034;;;;;;;
;606.95833;76865.2358270075;;;606.95833;4096.640671383849;;;606.95833;6229.00312797026;;;;;;;
;606.96875;73045.43072641332;;;606.96875;3994.97540579781;;;606.96875;6021.003790419878;;;;;;;
;606.97917;69013.77136870704;;;606.97917;3838.729925806565;;;606.97917;5760.017831050594;;;;;;;
;606.98958;65395.0530090536;;;606.98958;3673.184865223538;;;606.98958;5505.15903581566;;;;;;;
;607.0;62288.08573726284;;;607.0;3518.787733878825;;;607.0;5280.6191691408785;;;;;;;
;607.01042;59271.951308399;;;607.01042;3361.874434767761;;;607.01042;5067.525319530674;;;;;;;
;607.02083;55858.411575853206;;;607.02083;3181.9383976536374;;;607.02083;4839.701483154711;;;;;;;
;607.03125;52450.13464036965;;;607.03125;3001.013369664205;;;607.03125;4623.227855270781;;;;;;;
;607.04167;49267.84877341257;;;607.04167;2830.5139328239543;;;607.04167;4430.651704116198;;;;;;;
;607.05208;46464.811172448055;;;607.05208;2683.9823850395605;;;607.05208;4249.180468098228;;;;;;;
;607.0625;44111.45408687166;;;607.0625;2576.607803694248;;;607.0625;4122.847765215157;;;;;;;
;607.07292;41958.761004395696;;;607.07292;2490.7571000529715;;;607.07292;4040.958954605796;;;;;;;
;607.08333;39918.0035163804;;;607.08333;2414.9734498217;;;607.08333;3986.173479739702;;;;;;;
;607.09375;37900.54159069589;;;607.09375;2340.414120251707;;;607.09375;3944.7485978511777;;;;;;;
;607.10417;35777.11834331729;;;607.10417;2258.517378788653;;;607.10417;3903.6486539641937;;;;;;;
;607.11458;33682.59924202974;;;607.11458;2176.5259562464867;;;607.11458;3870.2902221388904;;;;;;;
;607.125;31708.61672041123;;;607.125;2099.4515075691097;;;607.125;3849.7485720027234;;;;;;;
;607.13542;30011.051479094396;;;607.13542;2042.5995896471486;;;607.13542;3860.882304974688;;;;;;;
;607.14583;28722.733697338666;;;607.14583;2028.0640085452962;;;607.14583;3932.603103297428;;;;;;;
;607.15625;27590.16944715111;;;607.15625;2036.7200514615165;;;607.15625;4040.8585562491444;;;;;;;
;607.16667;26492.062862949828;;;607.16667;2053.2792521569845;;;607.16667;4165.798114036775;;;;;;;
;607.17708;25282.921299664085;;;607.17708;2053.064995753125;;;607.17708;4275.564657246376;;;;;;;
;607.1875;23853.79242913622;;;607.1875;2005.3769611673695;;;607.1875;4326.641541786954;;;;;;;
;607.19792;22481.14143679307;;;607.19792;1936.5249268710807;;;607.19792;4348.975455608948;;;;;;;
;607.20833;21268.99528839407;;;607.20833;1865.7413749249033;;;607.20833;4368.872605857989;;;;;;;
;607.21875;20288.223159090354;;;607.21875;1806.4076594846956;;;607.21875;4404.578752948526;;;;;;;
;607.22917;19648.246434698784;;;607.22917;1771.2298721011814;;;607.22917;4474.523803237762;;;;;;;
;607.23958;19206.38203672547;;;607.23958;1749.1612789858752;;;607.23958;4564.9407535778855;;;;;;;
;607.25;18851.682401704486;;;607.25;1731.2572305468711;;;607.25;4663.515562548011;;;;;;;
;607.26042;19009.020063812124;;;607.26042;1766.8806051215831;;;607.26042;4840.044453097136;;;;;;;
;607.27083;20399.6239202822;;;607.27083;1949.7777522925576;;;607.27083;5234.014570724454;;;;;;;
;607.28125;22324.83129566123;;;607.28125;2214.426498616768;;;607.28125;5760.002495109984;;;;;;;
;607.29167;24278.65846868015;;;607.29167;2498.928596614292;;;607.29167;6336.609950056683;;;;;;;
;607.30208;26932.263261186654;;;607.30208;2772.230727783717;;;607.30208;6912.805271097033;;;;;;;
;607.3125;32222.918417059733;;;607.3125;3017.538956855074;;;607.3125;7442.789833232303;;;;;;;
;607.32292;39711.65731676739;;;607.32292;3251.371813280391;;;607.32292;7947.401953577109;;;;;;;
;607.33333;48309.386932464105;;;607.33333;3482.6273592898533;;;607.33333;8445.47360474151;;;;;;;
;607.34375;58217.07650488107;;;607.34375;3733.9001966476512;;;607.34375;8964.065665376544;;;;;;;
;607.35417;70744.17303547151;;;607.35417;4029.9268847616017;;;607.35417;9518.09615291819;;;;;;;
;607.36458;84691.74145960671;;;607.36458;4337.847448323053;;;607.36458;10059.817254384781;;;;;;;
;607.375;98915.69868011853;;;607.375;4640.555746354165;;;607.375;10563.998171987598;;;;;;;
;607.38542;111654.24342317281;;;607.38542;4928.793677620463;;;607.38542;11016.072398867065;;;;;;;
;607.39583;120485.48616082694;;;607.39583;5191.538981871568;;;607.39583;11407.521002695825;;;;;;;
;607.40625;126668.5493669655;;;607.40625;5424.946294259167;;;607.40625;11733.809080645828;;;;;;;
;607.41667;131498.81017610253;;;607.41667;5631.443506390485;;;607.41667;11994.81632972162;;;;;;;
;607.42708;133676.98053922819;;;607.42708;5744.347926342672;;;607.42708;12102.363599472636;;;;;;;
;607.4375;131693.29256305465;;;607.4375;5706.574740977101;;;607.4375;11989.690927250753;;;;;;;
;607.44792;128215.53901429019;;;607.44792;5618.08340509074;;;607.44792;11800.43690548666;;;;;;;
;607.45833;124250.31813373529;;;607.45833;5518.128115961689;;;607.45833;11582.418229734838;;;;;;;
;607.46875;119100.39333010885;;;607.46875;5352.595714556956;;;607.46875;11261.899579855737;;;;;;;
;607.47917;112513.00177893853;;;607.47917;5072.435699895949;;;607.47917;10781.38136532814;;;;;;;
;607.48958;105982.02517379192;;;607.48958;4771.298963495154;;;607.48958;10272.377394276376;;;;;;;
;607.5;99748.27733498832;;;607.5;4483.692278420277;;;607.5;9779.856825886169;;;;;;;
;607.51042;94251.58415185493;;;607.51042;4259.928314842358;;;607.51042;9370.193042358636;;;;;;;
;607.52083;89558.59121244303;;;607.52083;4144.997775617941;;;607.52083;9101.52999714605;;;;;;;
;607.53125;84847.54615241171;;;607.53125;4076.8391672854295;;;607.53125;8889.205017997261;;;;;;;
;607.54167;80166.21396503353;;;607.54167;4028.600175338898;;;607.54167;8700.940863969638;;;;;;;
;607.55208;75289.64367463498;;;607.55208;3948.801236580527;;;607.55208;8473.995805345214;;;;;;;
;607.5625;70244.16606384107;;;607.5625;3785.9314337020974;;;607.5625;8148.915811159319;;;;;;;
;607.57292;65847.85077575274;;;607.57292;3604.0209265922467;;;607.57292;7815.825975726568;;;;;;;
;607.58333;62127.51550306422;;;607.58333;3432.005245812095;;;607.58333;7512.04653441902;;;;;;;
;607.59375;59290.33470382031;;;607.59375;3315.6593154340435;;;607.59375;7295.12152665966;;;;;;;
;607.60417;57360.778003525345;;;607.60417;3305.189724643329;;;607.60417;7227.834825917606;;;;;;;
;607.61458;55539.8454612749;;;607.61458;3341.1706861766665;;;607.61458;7229.246618375986;;;;;;;
;607.625;53709.36712215221;;;607.625;3390.441694541963;;;607.625;7256.047962825072;;;;;;;
;607.63542;52121.09594337754;;;607.63542;3436.5907905355216;;;607.63542;7288.253230240517;;;;;;;
;607.64583;51219.32885885788;;;607.64583;3467.035449162319;;;607.64583;7308.498497276464;;;;;;;
;607.65625;50940.03020213242;;;607.65625;3490.272373149538;;;607.65625;7324.738268066205;;;;;;;
;607.66667;51028.80640452115;;;607.66667;3510.2224584212804;;;607.66667;7353.5055909737275;;;;;;;
;607.67708;51860.37983731549;;;607.67708;3547.919316915027;;;607.67708;7422.657065070298;;;;;;;
;607.6875;54250.42630048283;;;607.6875;3628.6399691420725;;;607.6875;7564.174886131892;;;;;;;
;607.69792;57506.38951411099;;;607.69792;3722.0648262760783;;;607.69792;7734.551961158022;;;;;;;
;607.70833;61067.685451713645;;;607.70833;3812.300137574687;;;607.70833;7912.306046276271;;;;;;;
;607.71875;64596.299482106355;;;607.71875;3888.6877683283465;;;607.71875;8078.289799881047;;;;;;;
;607.72917;67886.20056254113;;;607.72917;3942.2748697496895;;;607.72917;8212.999251131685;;;;;;;
;607.73958;71053.39049780008;;;607.73958;3982.404872998229;;;607.73958;8332.104140152522;;;;;;;
;607.75;74133.28469920752;;;607.75;4013.737275221401;;;607.75;8440.97169768286;;;;;;;
;607.76042;77526.46181803693;;;607.76042;4087.300322261147;;;607.76042;8607.93234912992;;;;;;;
;607.77083;81216.85959184663;;;607.77083;4259.748164543578;;;607.77083;8907.869470524207;;;;;;;
;607.78125;84354.49216066604;;;607.78125;4464.070135373115;;;607.78125;9239.389884526543;;;;;;;
;607.79167;86986.50584864423;;;607.79167;4671.51771862167;;;607.79167;9558.689525138234;;;;;;;
;607.80208;88965.1183882764;;;607.80208;4865.973947263392;;;607.80208;9844.439816357048;;;;;;;
;607.8125;89881.6053218137;;;607.8125;5034.8398827064975;;;607.8125;10080.813244936944;;;;;;;
;607.82292;90197.54856152876;;;607.82292;5192.391597820626;;;607.82292;10288.67042903016;;;;;;;
;607.83333;90176.70717918425;;;607.83333;5344.1977714707145;;;607.83333;10475.596692727733;;;;;;;
;607.84375;88902.32408475979;;;607.84375;5394.7316935296385;;;607.84375;10517.111215357321;;;;;;;
;607.85417;86003.15440362493;;;607.85417;5256.1276905802;;;607.85417;10309.832097483048;;;;;;;
;607.86458;83011.18219153726;;;607.86458;5058.097715177105;;;607.86458;10035.181826743243;;;;;;;
;607.875;80103.72141099395;;;607.875;4849.265022298326;;;607.875;9752.15467836233;;;;;;;
;607.88542;77414.31310465999;;;607.88542;4668.958192547892;;;607.88542;9507.430282580019;;;;;;;
;607.89583;74940.7132262058;;;607.89583;4548.185324762988;;;607.89583;9338.76180875601;;;;;;;
;607.90625;72331.92254344352;;;607.90625;4448.166606582292;;;607.90625;9191.233720783945;;;;;;;
;607.91667;69677.27137657278;;;607.91667;4354.97656473601;;;607.91667;9047.963727332042;;;;;;;
;607.92708;67107.94212399944;;;607.92708;4277.505383083611;;;607.92708;8924.003631630387;;;;;;;
;607.9375;64552.5705289867;;;607.9375;4226.723977706977;;;607.9375;8836.141481904699;;;;;;;
;607.94792;62019.47347977792;;;607.94792;4190.402259611898;;;607.94792;8768.622912703224;;;;;;;
;607.95833;59636.90771714541;;;607.95833;4163.904836259212;;;607.95833;8716.537595336667;;;;;;;
;607.96875;57035.0193297562;;;607.96875;4101.351067653777;;;607.96875;8618.934780406777;;;;;;;
;607.97917;53938.873652867405;;;607.97917;3956.329822656482;;;607.97917;8415.9192840141;;;;;;;
;607.98958;51063.153370141685;;;607.98958;3792.998697758601;;;607.98958;8198.442435709658;;;;;;;
;608.0;48551.81763605565;;;608.0;3638.002434102211;;;608.0;8001.316052197277;;;;;;;
;608.01042;46170.293242116255;;;608.01042;3485.6073642024367;;;608.01042;7813.966693827143;;;;;;;
;608.02083;43642.29427049372;;;608.02083;3325.0328628097877;;;608.02083;7619.552824930468;;;;;;;
;608.03125;41159.331254037024;;;608.03125;3168.7225320936977;;;608.03125;7434.672201385779;;;;;;;
;608.04167;38830.8494871198;;;608.04167;3022.0583980865545;;;608.04167;7266.063612045792;;;;;;;
;608.05208;36506.01219856757;;;608.05208;2867.3334027728506;;;608.05208;7087.5597272979885;;;;;;;
;608.0625;34031.631101331695;;;608.0625;2683.6121556230555;;;608.0625;6867.870494235849;;;;;;;
;608.07292;31680.339387543787;;;608.07292;2497.735495703327;;;608.07292;6624.237608103737;;;;;;;
;608.08333;29542.5670050967;;;608.08333;2323.4656586522724;;;608.08333;6392.0379800725395;;;;;;;
;608.09375;27738.104041045186;;;608.09375;2178.9015680747775;;;608.09375;6211.949245400079;;;;;;;
;608.10417;26366.500600768904;;;608.10417;2084.2143957716626;;;608.10417;6114.7368951021235;;;;;;;
;608.11458;25180.85121571514;;;608.11458;2016.4281624729515;;;608.11458;6065.446857588559;;;;;;;
;608.125;24081.317197362863;;;608.125;1960.8914124622056;;;608.125;6040.817043275851;;;;;;;
;608.13542;22961.264049240115;;;608.13542;1904.2436812191986;;;608.13542;6018.842381605524;;;;;;;
;608.14583;21684.63898518356;;;608.14583;1832.5270428013282;;;608.14583;5976.275100572077;;;;;;;
;608.15625;20407.740423966516;;;608.15625;1758.0601159167945;;;608.15625;5931.366141814232;;;;;;;
;608.16667;19224.253080366823;;;608.16667;1688.9776834669974;;;608.16667;5896.635254758901;;;;;;;
;608.17708;18125.568154694105;;;608.17708;1623.0175989541167;;;608.17708;5868.51872941271;;;;;;;
;608.1875;17080.87465037504;;;608.1875;1553.605456675213;;;608.1875;5836.0671713139745;;;;;;;
;608.19792;16129.882169986837;;;608.19792;1485.7011644737445;;;608.19792;5806.869552964469;;;;;;;
;608.20833;15282.503402303299;;;608.20833;1422.864987558396;;;608.20833;5786.840487759022;;;;;;;
;608.21875;14610.951597260999;;;608.21875;1372.3033452569387;;;608.21875;5787.945876160436;;;;;;;
;608.22917;14254.56965489138;;;608.22917;1344.4165507065259;;;608.22917;5827.9043005953745;;;;;;;
;608.23958;14106.616143492049;;;608.23958;1330.34149880139;;;608.23958;5892.837444020954;;;;;;;
;608.25;14060.792611612638;;;608.25;1322.3108878629132;;;608.25;5969.673796898875;;;;;;;
;608.26042;14360.450052511462;;;608.26042;1344.3426308500227;;;608.26042;6097.936245571184;;;;;;;
;608.27083;15541.771572540027;;;608.27083;1446.2664502730674;;;608.27083;6362.031760644022;;;;;;;
;608.28125;17262.52893054931;;;608.28125;1597.1255503892971;;;608.28125;6711.258958166877;;;;;;;
;608.29167;19169.32790792379;;;608.29167;1765.35816966056;;;608.29167;7095.341216459051;;;;;;;
;608.30208;22189.52258159583;;;608.30208;1967.440519779616;;;608.30208;7538.232212487011;;;;;;;
;608.3125;28853.155563463668;;;608.3125;2250.2013473540483;;;608.3125;8104.308001294796;;;;;;;
;608.32292;38511.648286890064;;;608.32292;2582.486916028647;;;608.32292;8736.349978513786;;;;;;;
;608.33333;49741.98086153214;;;608.33333;2941.4502053933447;;;608.33333;9394.792600008768;;;;;;;
;608.34375;62069.27405485989;;;608.34375;3323.0768775291313;;;608.34375;10057.963346998804;;;;;;;
;608.35417;75981.2141302407;;;608.35417;3726.7448303657466;;;608.35417;10710.248958117614;;;;;;;
;608.36458;90889.38206172171;;;608.36458;4146.496134909667;;;608.36458;11335.246362738988;;;;;;;
;608.375;106045.95032240736;;;608.375;4571.85430445582;;;608.375;11907.243835036888;;;;;;;
;608.38542;117939.67842026241;;;608.38542;4871.814691878818;;;608.38542;12261.098682993623;;;;;;;
;608.39583;123128.116660004;;;608.39583;4910.912674350604;;;608.39583;12241.227986423983;;;;;;;
;608.40625;125591.88857394124;;;608.40625;4831.4310280034;;;608.40625;12076.62347614591;;;;;;;
;608.41667;126886.49541020302;;;608.41667;4696.944577297029;;;608.41667;11848.218463983809;;;;;;;
;608.42708;126318.0631941026;;;608.42708;4506.2931290476035;;;608.42708;11540.775527175974;;;;;;;
;608.4375;122866.90098724046;;;608.4375;4253.589736832902;;;608.4375;11138.406485433807;;;;;;;
;608.44792;118082.51525426448;;;608.44792;3984.1423310892083;;;608.44792;10701.071842849451;;;;;;;
;608.45833;112883.9321032024;;;608.45833;3720.293308585861;;;608.45833;10258.156102907167;;;;;;;
;608.46875;108250.8512005804;;;608.46875;3509.8019328218643;;;608.46875;9877.303580491338;;;;;;;
;608.47917;104535.52906547289;;;608.47917;3398.594313387498;;;608.47917;9624.586942818558;;;;;;;
;608.48958;100685.58141869365;;;608.48958;3332.913540156447;;;608.48958;9422.121164186023;;;;;;;
;608.5;96689.33296022109;;;608.5;3288.1071450615786;;;608.5;9237.20533128514;;;;;;;
;608.51042;91922.75702424673;;;608.51042;3209.696782621643;;;608.51042;8996.66411601248;;;;;;;
;608.52083;85981.22514933733;;;608.52083;3039.1203361951107;;;608.52083;8625.615668559973;;;;;;;
;608.53125;80433.9129325651;;;608.53125;2846.592337798224;;;608.53125;8218.279630410812;;;;;;;
;608.54167;75618.51863698097;;;608.54167;2666.2427731439298;;;608.54167;7822.1201793537;;;;;;;
;608.55208;71938.17448673327;;;608.55208;2533.7420585519353;;;608.55208;7508.978700114759;;;;;;;
;608.5625;69751.47735962697;;;608.5625;2488.7668294244136;;;608.5625;7333.097115557694;;;;;;;
;608.57292;67989.97952261257;;;608.57292;2488.347058555592;;;608.57292;7231.435174345285;;;;;;;
;608.58333;66255.57538033626;;;608.58333;2504.841570777339;;;608.58333;7163.0773473474355;;;;;;;
;608.59375;64712.240486731025;;;608.59375;2538.7558352467586;;;608.59375;7127.480144547298;;;;;;;
;608.60417;63538.39121767534;;;608.60417;2600.839822775725;;;608.60417;7138.071098964091;;;;;;;
;608.61458;62483.2202922874;;;608.61458;2677.9207646931536;;;608.61458;7176.033971598173;;;;;;;
;608.625;61444.98510810059;;;608.625;2760.530039019171;;;608.625;7227.500567554327;;;;;;;
;608.63542;60252.43341582739;;;608.63542;2826.6513792463224;;;608.63542;7262.260836607779;;;;;;;
;608.64583;58879.62050141187;;;608.64583;2849.144696496903;;;608.64583;7244.830681054521;;;;;;;
;608.65625;57718.202622202516;;;608.65625;2851.77620551181;;;608.65625;7206.2869098718975;;;;;;;
;608.66667;56815.75605333913;;;608.66667;2849.008235066102;;;608.66667;7167.180332491676;;;;;;;
;608.67708;56981.72447012291;;;608.67708;2889.7436415290967;;;608.67708;7192.7615449547575;;;;;;;
;608.6875;59406.47911919542;;;608.6875;3039.2644769872536;;;608.6875;7369.325185950517;;;;;;;
;608.69792;62794.35824193405;;;608.69792;3234.9260638424103;;;608.69792;7612.887559113336;;;;;;;
;608.70833;66345.94454534753;;;608.70833;3436.236275506554;;;608.70833;7873.246171385434;;;;;;;
;608.71875;69943.59202945704;;;608.71875;3650.285161960101;;;608.71875;8156.324665878929;;;;;;;
;608.72917;73419.58421312516;;;608.72917;3898.228950885719;;;608.72917;8479.11229360686;;;;;;;
;608.73958;76508.73621365782;;;608.73958;4154.541668800681;;;608.73958;8809.862977759001;;;;;;;
;608.75;79303.50315291826;;;608.75;4405.195509614148;;;608.75;9136.014432836042;;;;;;;
;608.76042;81609.2017884895;;;608.76042;4622.924418551743;;;608.76042;9405.214473935843;;;;;;;
;608.77083;83201.07079827422;;;608.77083;4779.601598585382;;;608.77083;9586.372512199465;;;;;;;
;608.78125;84564.90675274901;;;608.78125;4905.721256413908;;;608.78125;9728.630327702514;;;;;;;
;608.79167;85797.99705743449;;;608.79167;5013.379130250207;;;608.79167;9848.411736067135;;;;;;;
;608.80208;86828.74684341098;;;608.80208;5120.1403992155865;;;608.80208;9968.214028655935;;;;;;;
;608.8125;87322.23765411152;;;608.8125;5243.148814767293;;;608.8125;10107.208176202443;;;;;;;
;608.82292;87176.10359288657;;;608.82292;5358.841924866227;;;608.82292;10231.11172572735;;;;;;;
;608.83333;86590.58417078828;;;608.83333;5458.415938683583;;;608.83333;10328.728426806623;;;;;;;
;608.84375;84705.41790695675;;;608.84375;5427.984266269258;;;608.84375;10260.861888374795;;;;;;;
;608.85417;81304.39701163136;;;608.85417;5169.777347767268;;;608.85417;9913.393907126683;;;;;;;
;608.86458;78072.18603286847;;;608.86458;4848.3957323514915;;;608.86458;9498.36234296603;;;;;;;
;608.875;75168.96788956548;;;608.875;4528.144518277667;;;608.875;9090.185496030912;;;;;;;
;608.88542;72557.2698748654;;;608.88542;4244.237585139041;;;608.88542;8728.136266111233;;;;;;;
;608.89583;70095.99981039739;;;608.89583;4020.9809093961076;;;608.89583;8441.638418768609;;;;;;;
;608.90625;67566.06784923555;;;608.90625;3828.2377755907987;;;608.90625;8190.54382806157;;;;;;;
;608.91667;65078.02905773831;;;608.91667;3653.337520797603;;;608.91667;7959.160494241316;;;;;;;
;608.92708;62437.34124700002;;;608.92708;3473.021513749563;;;608.92708;7717.558611845224;;;;;;;
;608.9375;59397.85681818097;;;608.9375;3264.717673922899;;;608.9375;7435.978162879272;;;;;;;
;608.94792;56468.03240648844;;;608.94792;3059.4217551512816;;;608.94792;7158.538486259539;;;;;;;
;608.95833;53832.86340627129;;;608.95833;2871.234655317923;;;608.95833;6905.250792759988;;;;;;;
;608.96875;51683.7015545483;;;608.96875;2718.7130810419835;;;608.96875;6677.982701912713;;;;;;;
;608.97917;50132.01927337614;;;608.97917;2621.5280828169957;;;608.97917;6529.740938828283;;;;;;;
;608.98958;48814.13682759583;;;608.98958;2554.4211713489576;;;608.98958;6435.783301370784;;;;;;;
;609.0;47622.79666946879;;;609.0;2502.7278807872135;;;609.0;6373.031302925996;;;;;;;
